{"cameraMode":{"drawMode":0,"name":"Shaded","section":"Shading Mode"},"sceneLighting":false,"audioPlay":false,"sceneViewState":{"showFog":true,"showMaterialUpdate":false,"showSkybox":false,"showFlares":true,"showImageEffects":true,"showParticleSystems":true},"in2DMode":false,"pivot":{"x":1.2386844158172608,"y":0.4823927581310272,"z":-1.0152770280838013},"rotation":{"x":-0.00035094618215225637,"y":-0.9986621141433716,"z":0.04017007723450661,"w":-0.05039450153708458},"size":1.7911279201507569,"orthographic":false}